{
  "files": [
    {
      "id": "file-1751456049695-0.8054833962168975",
      "name": "200.docx",
      "type": "file",
      "size": 14037,
      "modifiedAt": "2025-07-02T11:34:09.695Z",
      "sharedWith": 0,
      "folder_id": "folder-1751456006060"
    },
    {
      "id": "file-1751456323616-0.8804238718887007",
      "name": "200.docx",
      "type": "file",
      "size": 14037,
      "modifiedAt": "2025-07-02T11:38:43.616Z",
      "sharedWith": 0,
      "folder_id": "folder-pictures"
    },
    {
      "id": "file-1751456698559-0.5570091312537433",
      "name": "BEDEBO ETHIOPIA AGRICULTURAL DEVELOPMENT SHARE COMPANY.docx",
      "type": "file",
      "size": 18708,
      "modifiedAt": "2025-07-02T11:44:58.559Z",
      "sharedWith": 0,
      "folder_id": "folder-1751456685977"
    },
    {
      "id": "file-1751456929673-0.030871044531695535",
      "name": "BEDEBO ETHIOPIA AGRICULTURAL DEVELOPMENT SHARE COMPANY.docx",
      "type": "file",
      "size": 18708,
      "modifiedAt": "2025-07-02T11:48:49.673Z",
      "sharedWith": 0,
      "folder_id": null
    }
  ],
  "folders": [
    {
      "id": "folder-documents",
      "name": "Documents",
      "type": "folder",
      "modifiedAt": "2025-07-02T10:19:12.090Z",
      "parent_id": null
    },
    {
      "id": "folder-pictures",
      "name": "Pictures",
      "type": "folder",
      "modifiedAt": "2025-07-02T10:19:12.090Z",
      "parent_id": null
    },
    {
      "id": "folder-1751456006060",
      "name": "dsa",
      "type": "folder",
      "modifiedAt": "2025-07-02T11:33:26.060Z",
      "parent_id": null
    },
    {
      "id": "folder-1751456685977",
      "name": "fy",
      "type": "folder",
      "modifiedAt": "2025-07-02T11:44:45.977Z",
      "parent_id": null
    }
  ]
}